INSERT INTO PUBLIC.HORSE (ID, NAME, IMGPATH, MINSPEED, MAXSPEED, ISDELETED) VALUES (1, 'Nutella', '', 50, 100, false);
INSERT INTO PUBLIC.HORSE (ID, NAME, IMGPATH, MINSPEED, MAXSPEED, ISDELETED) VALUES (2, 'Erdbeere', '', 75, 80, false);
INSERT INTO PUBLIC.HORSE (ID, NAME, IMGPATH, MINSPEED, MAXSPEED, ISDELETED) VALUES (3, 'Banane', '', 80, 90, false);
INSERT INTO PUBLIC.HORSE (ID, NAME, IMGPATH, MINSPEED, MAXSPEED, ISDELETED) VALUES (4, 'Apfel', '', 55, 60, false);
INSERT INTO PUBLIC.HORSE (ID, NAME, IMGPATH, MINSPEED, MAXSPEED, ISDELETED) VALUES (5, 'Strawberry', '', 95, 99, false);
INSERT INTO PUBLIC.HORSE (ID, NAME, IMGPATH, MINSPEED, MAXSPEED, ISDELETED) VALUES (6, 'Pineapple', '', 90, 95, false);
INSERT INTO PUBLIC.HORSE (ID, NAME, IMGPATH, MINSPEED, MAXSPEED, ISDELETED) VALUES (7, 'Raspberry', '', 55, 60, false);
INSERT INTO PUBLIC.HORSE (ID, NAME, IMGPATH, MINSPEED, MAXSPEED, ISDELETED) VALUES (8, 'Blueberry', '', 66, 67, false);
INSERT INTO PUBLIC.HORSE (ID, NAME, IMGPATH, MINSPEED, MAXSPEED, ISDELETED) VALUES (9, 'Heidelbeere', '', 80, 99.99, false);
INSERT INTO PUBLIC.HORSE (ID, NAME, IMGPATH, MINSPEED, MAXSPEED, ISDELETED) VALUES (10, 'Brombeere', '', 100, 100, false);

INSERT INTO PUBLIC.JOCKEY (ID, NAME, TALENT, AGE, ISDELETED) VALUES (1, 'Alexander', 10, 16, false);
INSERT INTO PUBLIC.JOCKEY (ID, NAME, TALENT, AGE, ISDELETED) VALUES (2, 'Adalbert', 50, 20, false);
INSERT INTO PUBLIC.JOCKEY (ID, NAME, TALENT, AGE, ISDELETED) VALUES (3, 'Hubert', -10, 60, false);
INSERT INTO PUBLIC.JOCKEY (ID, NAME, TALENT, AGE, ISDELETED) VALUES (4, 'Gustav', 37, 25, false);
INSERT INTO PUBLIC.JOCKEY (ID, NAME, TALENT, AGE, ISDELETED) VALUES (5, 'Siegfried', 666.66, 23, false);
INSERT INTO PUBLIC.JOCKEY (ID, NAME, TALENT, AGE, ISDELETED) VALUES (6, 'Archibald', 28, 80, false);
INSERT INTO PUBLIC.JOCKEY (ID, NAME, TALENT, AGE, ISDELETED) VALUES (7, 'Bartholomäus', 28.4, 19, false);
INSERT INTO PUBLIC.JOCKEY (ID, NAME, TALENT, AGE, ISDELETED) VALUES (8, 'Ezekiel', -483.5, 55, false);
INSERT INTO PUBLIC.JOCKEY (ID, NAME, TALENT, AGE, ISDELETED) VALUES (9, 'Zacharias', 73.5, 37, false);
INSERT INTO PUBLIC.JOCKEY (ID, NAME, TALENT, AGE, ISDELETED) VALUES (10, 'Octavian', 50, 49, false);

INSERT INTO PUBLIC.RACE (ID, HORSE, JOCKEY, TALENT, SPEED, LUCKYNUMBER, RANK) VALUES (a4f7757d-e200-4c3f-a9a9-b86fb900ccd5, 1, 5, 1.0746419045113451, 103.8111550232761, 1.0014791368593348, 2);
INSERT INTO PUBLIC.RACE (ID, HORSE, JOCKEY, TALENT, SPEED, LUCKYNUMBER, RANK) VALUES (a4f7757d-e200-4c3f-a9a9-b86fb900ccd5, 2, 6, 1.066562773620502, 80.24247618201255, 0.9667978164406963, 3);
INSERT INTO PUBLIC.RACE (ID, HORSE, JOCKEY, TALENT, SPEED, LUCKYNUMBER, RANK) VALUES (a4f7757d-e200-4c3f-a9a9-b86fb900ccd5, 4, 3, 0.947137542647565, 54.2030468623092, 1.031740238685866, 4);
INSERT INTO PUBLIC.RACE (ID, HORSE, JOCKEY, TALENT, SPEED, LUCKYNUMBER, RANK) VALUES (a4f7757d-e200-4c3f-a9a9-b86fb900ccd5, 10, 10, 1.070241172385417, 107.29561437515828, 1.002536784639031, 1);
INSERT INTO PUBLIC.RACE (ID, HORSE, JOCKEY, TALENT, SPEED, LUCKYNUMBER, RANK) VALUES (3125915c-e7c7-4ecc-be94-43d154427224, 10, 5, 1.0746419045113451, 106.78370034736102, 0.9936677501508475, 1);
INSERT INTO PUBLIC.RACE (ID, HORSE, JOCKEY, TALENT, SPEED, LUCKYNUMBER, RANK) VALUES (3125915c-e7c7-4ecc-be94-43d154427224, 5, 4, 1.0685866235649861, 103.44555579092523, 0.9795990719338932, 2);
INSERT INTO PUBLIC.RACE (ID, HORSE, JOCKEY, TALENT, SPEED, LUCKYNUMBER, RANK) VALUES (3125915c-e7c7-4ecc-be94-43d154427224, 6, 6, 1.066562773620502, 100.13688913047005, 1.0028731234237265, 3);
INSERT INTO PUBLIC.RACE (ID, HORSE, JOCKEY, TALENT, SPEED, LUCKYNUMBER, RANK) VALUES (3125915c-e7c7-4ecc-be94-43d154427224, 3, 7, 1.0666791998294638, 85.68380368016639, 0.9727689402043089, 4);
INSERT INTO PUBLIC.RACE (ID, HORSE, JOCKEY, TALENT, SPEED, LUCKYNUMBER, RANK) VALUES (3125915c-e7c7-4ecc-be94-43d154427224, 7, 8, 0.9254937412720463, 49.97487204547311, 0.9723340701614145, 5);
INSERT INTO PUBLIC.RACE (ID, HORSE, JOCKEY, TALENT, SPEED, LUCKYNUMBER, RANK) VALUES (253d3c6d-1619-4ac1-b96b-ce406d81383f, 1, 6, 1.066562773620502, 67.64454306519033, 0.9718483071177094, 2);
INSERT INTO PUBLIC.RACE (ID, HORSE, JOCKEY, TALENT, SPEED, LUCKYNUMBER, RANK) VALUES (253d3c6d-1619-4ac1-b96b-ce406d81383f, 2, 3, 0.947137542647565, 73.26496992721307, 1.0013131459195594, 1);
INSERT INTO PUBLIC.RACE (ID, HORSE, JOCKEY, TALENT, SPEED, LUCKYNUMBER, RANK) VALUES (ab0e5d3c-336f-41ed-bd3e-5cced5bebcc0, 6, 2, 1.070241172385417, 91.78296895828531, 0.952621053511907, 2);
INSERT INTO PUBLIC.RACE (ID, HORSE, JOCKEY, TALENT, SPEED, LUCKYNUMBER, RANK) VALUES (ab0e5d3c-336f-41ed-bd3e-5cced5bebcc0, 8, 9, 1.0717569364215993, 70.56088309068912, 0.9921515897658815, 3);
INSERT INTO PUBLIC.RACE (ID, HORSE, JOCKEY, TALENT, SPEED, LUCKYNUMBER, RANK) VALUES (ab0e5d3c-336f-41ed-bd3e-5cced5bebcc0, 10, 10, 1.070241172385417, 106.34566841272641, 0.9936607855937449, 1);
INSERT INTO PUBLIC.RACE (ID, HORSE, JOCKEY, TALENT, SPEED, LUCKYNUMBER, RANK) VALUES (c6b3cb23-8747-4f12-8d35-45d1301bc929, 1, 1, 1.052862457352435, 80.31365351727865, 0.9833881456058148, 6);
INSERT INTO PUBLIC.RACE (ID, HORSE, JOCKEY, TALENT, SPEED, LUCKYNUMBER, RANK) VALUES (c6b3cb23-8747-4f12-8d35-45d1301bc929, 2, 2, 1.070241172385417, 82.36423907255582, 1.0055663467241835, 5);
INSERT INTO PUBLIC.RACE (ID, HORSE, JOCKEY, TALENT, SPEED, LUCKYNUMBER, RANK) VALUES (c6b3cb23-8747-4f12-8d35-45d1301bc929, 3, 3, 0.947137542647565, 79.0909268432906, 1.0015957173974175, 7);
INSERT INTO PUBLIC.RACE (ID, HORSE, JOCKEY, TALENT, SPEED, LUCKYNUMBER, RANK) VALUES (c6b3cb23-8747-4f12-8d35-45d1301bc929, 4, 4, 1.0685866235649861, 64.27928343755603, 1.049187861603657, 8);
INSERT INTO PUBLIC.RACE (ID, HORSE, JOCKEY, TALENT, SPEED, LUCKYNUMBER, RANK) VALUES (c6b3cb23-8747-4f12-8d35-45d1301bc929, 5, 5, 1.0746419045113451, 102.14185003457145, 0.9605275739273021, 3);
INSERT INTO PUBLIC.RACE (ID, HORSE, JOCKEY, TALENT, SPEED, LUCKYNUMBER, RANK) VALUES (c6b3cb23-8747-4f12-8d35-45d1301bc929, 6, 6, 1.066562773620502, 98.78180836254779, 0.9755483889474168, 4);
INSERT INTO PUBLIC.RACE (ID, HORSE, JOCKEY, TALENT, SPEED, LUCKYNUMBER, RANK) VALUES (c6b3cb23-8747-4f12-8d35-45d1301bc929, 7, 7, 1.0666791998294638, 61.8953386786664, 1.0048597706211801, 9);
INSERT INTO PUBLIC.RACE (ID, HORSE, JOCKEY, TALENT, SPEED, LUCKYNUMBER, RANK) VALUES (c6b3cb23-8747-4f12-8d35-45d1301bc929, 8, 8, 0.9254937412720463, 59.96943176232169, 0.9802441669805066, 10);
INSERT INTO PUBLIC.RACE (ID, HORSE, JOCKEY, TALENT, SPEED, LUCKYNUMBER, RANK) VALUES (c6b3cb23-8747-4f12-8d35-45d1301bc929, 9, 9, 1.0717569364215993, 107.84279356432864, 1.0322454751119658, 2);
INSERT INTO PUBLIC.RACE (ID, HORSE, JOCKEY, TALENT, SPEED, LUCKYNUMBER, RANK) VALUES (c6b3cb23-8747-4f12-8d35-45d1301bc929, 10, 10, 1.070241172385417, 108.375583627507, 1.0126276807866872, 1);
INSERT INTO PUBLIC.RACE (ID, HORSE, JOCKEY, TALENT, SPEED, LUCKYNUMBER, RANK) VALUES (1975f97c-9b8a-4e36-9064-725c308dd606, 1, 2, 1.070241172385417, 66.08066837916967, 1.0129218637444661, 8);
INSERT INTO PUBLIC.RACE (ID, HORSE, JOCKEY, TALENT, SPEED, LUCKYNUMBER, RANK) VALUES (1975f97c-9b8a-4e36-9064-725c308dd606, 2, 1, 1.052862457352435, 84.53484319785869, 1.0327064266632104, 6);
INSERT INTO PUBLIC.RACE (ID, HORSE, JOCKEY, TALENT, SPEED, LUCKYNUMBER, RANK) VALUES (1975f97c-9b8a-4e36-9064-725c308dd606, 3, 4, 1.0685866235649861, 92.80815107946087, 1.0452913196007365, 5);
INSERT INTO PUBLIC.RACE (ID, HORSE, JOCKEY, TALENT, SPEED, LUCKYNUMBER, RANK) VALUES (1975f97c-9b8a-4e36-9064-725c308dd606, 4, 3, 0.947137542647565, 53.5297557499444, 0.9550710232481175, 9);
INSERT INTO PUBLIC.RACE (ID, HORSE, JOCKEY, TALENT, SPEED, LUCKYNUMBER, RANK) VALUES (1975f97c-9b8a-4e36-9064-725c308dd606, 5, 6, 1.066562773620502, 103.89540277124159, 0.9947002355162612, 2);
INSERT INTO PUBLIC.RACE (ID, HORSE, JOCKEY, TALENT, SPEED, LUCKYNUMBER, RANK) VALUES (1975f97c-9b8a-4e36-9064-725c308dd606, 6, 5, 1.0746419045113451, 100.39423245111442, 1.0127946338635692, 4);
INSERT INTO PUBLIC.RACE (ID, HORSE, JOCKEY, TALENT, SPEED, LUCKYNUMBER, RANK) VALUES (1975f97c-9b8a-4e36-9064-725c308dd606, 7, 8, 0.9254937412720463, 51.83594804899574, 0.9901024095634947, 10);
INSERT INTO PUBLIC.RACE (ID, HORSE, JOCKEY, TALENT, SPEED, LUCKYNUMBER, RANK) VALUES (1975f97c-9b8a-4e36-9064-725c308dd606, 8, 7, 1.0666791998294638, 68.51532758367574, 0.9630081984184651, 7);
INSERT INTO PUBLIC.RACE (ID, HORSE, JOCKEY, TALENT, SPEED, LUCKYNUMBER, RANK) VALUES (1975f97c-9b8a-4e36-9064-725c308dd606, 9, 10, 1.070241172385417, 101.00020414154199, 0.9648667663887885, 3);
INSERT INTO PUBLIC.RACE (ID, HORSE, JOCKEY, TALENT, SPEED, LUCKYNUMBER, RANK) VALUES (1975f97c-9b8a-4e36-9064-725c308dd606, 10, 9, 1.0717569364215993, 109.54032734080815, 1.022063152738188, 1);
INSERT INTO PUBLIC.RACE (ID, HORSE, JOCKEY, TALENT, SPEED, LUCKYNUMBER, RANK) VALUES (140d0377-6d22-4712-9b93-66f87ae930bd, 3, 4, 1.0685866235649861, 82.0417636383066, 0.9580716530331179, 2);
INSERT INTO PUBLIC.RACE (ID, HORSE, JOCKEY, TALENT, SPEED, LUCKYNUMBER, RANK) VALUES (140d0377-6d22-4712-9b93-66f87ae930bd, 6, 5, 1.0746419045113451, 101.88151169745723, 1.0442094819156824, 1);
INSERT INTO PUBLIC.RACE (ID, HORSE, JOCKEY, TALENT, SPEED, LUCKYNUMBER, RANK) VALUES (140d0377-6d22-4712-9b93-66f87ae930bd, 8, 8, 0.9254937412720463, 62.65325424198152, 1.0129492590493911, 3);
INSERT INTO PUBLIC.RACE (ID, HORSE, JOCKEY, TALENT, SPEED, LUCKYNUMBER, RANK) VALUES (ec88fab3-036b-4f2f-b061-950d338804cf, 2, 7, 1.0666791998294638, 86.55316963395359, 1.045921728487223, 2);
INSERT INTO PUBLIC.RACE (ID, HORSE, JOCKEY, TALENT, SPEED, LUCKYNUMBER, RANK) VALUES (ec88fab3-036b-4f2f-b061-950d338804cf, 7, 2, 1.070241172385417, 62.80988309199733, 0.9910316071093909, 3);
INSERT INTO PUBLIC.RACE (ID, HORSE, JOCKEY, TALENT, SPEED, LUCKYNUMBER, RANK) VALUES (ec88fab3-036b-4f2f-b061-950d338804cf, 5, 5, 1.0746419045113451, 104.5425227177579, 1.0101266597304714, 1);
INSERT INTO PUBLIC.RACE (ID, HORSE, JOCKEY, TALENT, SPEED, LUCKYNUMBER, RANK) VALUES (57d623d5-1e3b-4ec5-8b52-2c25b245a855, 9, 3, 0.947137542647565, 88.00778970493609, 0.9896971184476748, 3);
INSERT INTO PUBLIC.RACE (ID, HORSE, JOCKEY, TALENT, SPEED, LUCKYNUMBER, RANK) VALUES (57d623d5-1e3b-4ec5-8b52-2c25b245a855, 10, 8, 0.9254937412720463, 89.86978063871337, 0.9710468761808341, 2);
INSERT INTO PUBLIC.RACE (ID, HORSE, JOCKEY, TALENT, SPEED, LUCKYNUMBER, RANK) VALUES (57d623d5-1e3b-4ec5-8b52-2c25b245a855, 6, 5, 1.0746419045113451, 103.16250179038958, 1.037870936922312, 1);
INSERT INTO PUBLIC.RACE (ID, HORSE, JOCKEY, TALENT, SPEED, LUCKYNUMBER, RANK) VALUES (e85ef1b9-47f0-494d-8e19-023afda1f2bb, 10, 4, 1.0685866235649861, 111.56630611830329, 1.0440548632931523, 1);
INSERT INTO PUBLIC.RACE (ID, HORSE, JOCKEY, TALENT, SPEED, LUCKYNUMBER, RANK) VALUES (e85ef1b9-47f0-494d-8e19-023afda1f2bb, 3, 6, 1.066562773620502, 88.9511549746925, 1.0392224301804556, 2);
INSERT INTO PUBLIC.RACE (ID, HORSE, JOCKEY, TALENT, SPEED, LUCKYNUMBER, RANK) VALUES (e85ef1b9-47f0-494d-8e19-023afda1f2bb, 8, 3, 0.947137542647565, 60.51627088440217, 0.9606821023963, 4);
INSERT INTO PUBLIC.RACE (ID, HORSE, JOCKEY, TALENT, SPEED, LUCKYNUMBER, RANK) VALUES (e85ef1b9-47f0-494d-8e19-023afda1f2bb, 1, 9, 1.0717569364215993, 78.41960757791871, 0.976035364903079, 3);
